Comment,Designator,Footprint,LCSC Part #
NE5532DR dual op-amp,U1,SOIC-8,C7426
TL072CDR dual JFET op-amp,U2 U3 U9,SOIC-8,C67473
ICL7660CSA voltage inverter (MAX1044),U4,SOIC-8,C42421900
L78M05ABDT-TR 5V 500mA,U5,TO-252-2,C58069
PT2399-SN echo processor,U6 U7 U8,SOP-16,C126407
MMBFJ201 N-JFET,Q1 Q2 Q3 Q4 Q5 Q6 Q8 Q9,SOT-23,C891687
MMBF5457 N-JFET,Q7,SOT-23,C2830807
SS14 Schottky 40V 1A (1N5817),D1,SMA,C2480
1N4148WS switching diode,D2 D3 D4 D5,SOD-323,C2128
NCD0805R1 LED red,LED1,0805,C84256
220R 1% 0805,R1 R2,0805,C17557
1k 1% 0805,R3 R4 R5 R6 R7 R8 R9 R10,0805,C17513
2k 1% 0805,R11,0805,C17604
2.2k 1% 0805,R12 R13,0805,C17520
4.7k 1% 0805,R14 R15 R16 R17,0805,C17673
5.6k 1% 0805,R18,0805,C4382
10k 1% 0805,R19 R20 R21 R22 R23 R24 R25 R26 R27 R28 R29 R30 R31 R32 R33 R34 R35 R36 R37 R38 R39 R40 R41 R42 R43 R44 R45 R46 R47 R48 R49 R50 R71 R82 R83 R84,0805,C17414
15k 1% 0805,R51 R52 R53 R54,0805,C17475
22k 1% 0805,R55 R56 R57 R58,0805,C17560
47k 1% 0805,R59,0805,C17713
68k 1% 0805,R60 R61,0805,C17801
100k 1% 0805,R62 R63 R64 R65 R66 R67 R68 R69 R70 R85,0805,C149504
220k 1% 0805,R72 R73 R74 R75 R76 R77 R78 R79,0805,C17556
1M 1% 0805,R80 R81,0805,C17514
3.3k 1% 0805,R86,0805,C26010
100pF 50V C0G 0805,C1 C2,0805,C1790
1nF 50V X7R 0805,C74,0805,C46653
33nF 50V X7R 0805,C73,0805,C1739
2.2nF 50V C0G 0805,C3,0805,C28260
3.3nF 50V X7R 0603,C4 C5,0603,C1613
10nF 50V X7R 0805,C6 C7 C8 C9 C10 C11 C12 C13 C14 C15 C16 C17 C75,0805,C1710
22nF 50V X7R 0805,C18,0805,C1729
100nF 50V X7R 0805,C19 C20 C21 C22 C23 C24 C25 C26 C27 C28 C29 C30 C31 C32 C33 C34 C35 C36 C37 C38 C39 C40 C41 C42 C72,0805,C49678
220nF 50V X7R 0805,C43 C44 C45 C46 C47 C48 C49 C50,0805,C5378
1uF 50V X7R 0805,C51 C52,0805,C28323
2.2uF 50V X5R 0805,C53 C54,0805,C377773
4.7uF 25V X5R 0805,C55,0805,C1779
10uF 25V X5R 0805,C56 C57 C58 C59 C60 C61 C62 C63,0805,C15850
22uF 25V X5R 0805 (equiv 47u 16V),C64 C65 C66 C67 C68 C69 C70 C71,0805,C45783
