Designator,Mid X,Mid Y,Layer,Rotation
C1,29.8000,-14.0500,Top,0
C2,35.1000,-14.0500,Top,0
C3,155.7000,-37.5500,Top,0
C4,24.1500,-40.7500,Top,0
C5,34.6500,-44.2000,Top,0
C6,30.1000,-27.7000,Top,0
C7,60.9000,-45.8500,Top,0
C8,89.6000,-45.8500,Top,0
C9,118.3000,-45.8500,Top,0
C10,55.6000,-49.3000,Top,0
C11,84.3000,-49.3000,Top,0
C12,113.0000,-49.3000,Top,0
C13,60.9000,-49.3000,Top,0
C14,89.6000,-49.3000,Top,0
C15,118.3000,-49.3000,Top,0
C16,55.6000,-52.7500,Top,0
C17,84.3000,-52.7500,Top,0
C18,113.0000,-52.7500,Top,0
C19,19.2000,-32.6500,Top,0
C20,29.2000,-41.0000,Top,0
C21,30.1000,-22.7500,Top,0
C22,148.7000,-7.1500,Top,0
C23,19.2000,-17.5000,Top,0
C24,24.5000,-17.5000,Top,0
C25,40.4000,-14.0500,Top,0
C26,66.5000,-27.7000,Top,0
C27,134.5000,-62.4000,Top,0
C28,120.6000,-26.0000,Top,0
C29,24.4000,-44.4500,Top,0
C30,87.7000,-26.2000,Top,0
C31,55.6000,-42.4000,Top,0
C32,84.3000,-42.4000,Top,0
C33,113.0000,-42.4000,Top,0
C34,55.6000,-45.8500,Top,0
C35,84.3000,-45.8500,Top,0
C36,113.0000,-45.8500,Top,0
C37,60.9000,-42.4000,Top,0
C38,89.6000,-42.4000,Top,0
C39,118.3000,-42.4000,Top,0
C40,40.4000,-17.5000,Top,0
C41,51.0000,-14.0500,Top,0
C42,45.7000,-14.0500,Top,0
C43,26.0000,-57.4500,Top,0
C44,36.5000,-57.4500,Top,0
C45,82.4000,-26.2000,Top,0
C46,9.9000,-62.4000,Top,0
C47,141.8000,-22.7500,Top,0
C48,29.6000,-37.5500,Top,0
C49,24.4000,-47.9000,Top,0
C50,143.0000,-27.7000,Top,0
C51,45.8000,-22.7500,Top,0
C52,45.8000,-27.7000,Top,0
C53,30.9000,-62.4000,Top,0
C54,135.1000,-57.4500,Top,0
C55,77.8000,-60.9000,Top,0
C56,132.8000,-7.1500,Top,0
C57,138.1000,-7.1500,Top,0
C58,143.4000,-7.1500,Top,0
C59,19.2000,-14.0500,Top,0
C60,24.5000,-14.0500,Top,0
C61,29.8000,-17.5000,Top,0
C62,35.1000,-17.5000,Top,0
C63,136.4000,-45.7000,Top,0
C64,114.6000,-17.8500,Top,0
C65,119.9000,-17.8500,Top,0
C66,125.2000,-17.8500,Top,0
C67,130.5000,-17.8500,Top,0
C68,140.4000,-57.4500,Top,0
C69,89.6000,-52.7500,Top,0
C70,118.3000,-52.7500,Top,0
C71,15.2000,-62.4000,Top,0
C72,70.6000,-10.6000,Top,0
C73,75.9000,-10.6000,Top,0
C74,81.2000,-10.6000,Top,0
C75,86.5000,-10.6000,Top,0
D1,116.4000,-7.9000,Top,0
D2,129.3000,-62.3500,Top,0
D3,144.9000,-62.3500,Top,0
D4,82.9000,-57.4000,Top,0
D5,93.4000,-60.8500,Top,0
Q1,19.4000,-23.5000,Top,0
Q2,19.4000,-28.4500,Top,0
Q3,61.5000,-23.5000,Top,0
Q4,131.1000,-23.5000,Top,0
Q5,124.4000,-58.2000,Top,0
Q6,103.2000,-23.5000,Top,0
Q7,10.1000,-58.2000,Top,0
R1,108.7500,-57.4500,Top,0
R2,113.9500,-57.4500,Top,0
R3,72.1500,-22.7500,Top,0
R4,113.8500,-22.7500,Top,0
R5,20.7500,-57.4500,Top,0
R6,19.1500,-10.6000,Top,0
R7,57.1500,-57.4500,Top,0
R8,62.3500,-57.4500,Top,0
R9,51.9500,-60.9000,Top,0
R10,57.1500,-60.9000,Top,0
R11,51.9500,-57.4500,Top,0
R12,19.1500,-7.1500,Top,0
R13,24.3500,-7.1500,Top,0
R14,114.5500,-14.4000,Top,0
R15,20.4500,-62.4000,Top,0
R16,34.8500,-37.5500,Top,0
R17,119.7500,-14.4000,Top,0
R18,140.5500,-14.4000,Top,0
R19,124.9500,-14.4000,Top,0
R20,130.1500,-14.4000,Top,0
R21,24.8500,-22.7500,Top,0
R22,24.8500,-27.7000,Top,0
R23,66.9500,-22.7500,Top,0
R24,82.3500,-22.7500,Top,0
R25,87.5500,-22.7500,Top,0
R26,92.7500,-22.7500,Top,0
R27,108.6500,-22.7500,Top,0
R28,119.0500,-22.7500,Top,0
R29,102.6000,-26.2000,Top,0
R30,136.5500,-22.7500,Top,0
R31,15.5500,-57.4500,Top,0
R32,31.2500,-57.4500,Top,0
R33,41.7500,-57.4500,Top,0
R34,129.8500,-57.4500,Top,0
R35,54.8500,-38.2500,Top,90
R36,83.5500,-38.2500,Top,90
R37,112.2500,-38.2500,Top,90
R38,62.4500,-38.2500,Top,90
R39,91.1500,-38.2500,Top,90
R40,119.8500,-38.2500,Top,90
R41,58.6500,-38.2500,Top,90
R42,24.3500,-10.6000,Top,0
R43,88.0500,-57.4500,Top,0
R44,103.5500,-57.4500,Top,0
R45,19.1500,-47.9000,Top,0
R46,19.1500,-37.5500,Top,0
R47,87.3500,-38.2500,Top,90
R48,116.0500,-38.2500,Top,90
R49,150.4500,-37.5500,Top,0
R50,139.7500,-62.4000,Top,0
R51,24.3500,-37.5500,Top,0
R52,19.1500,-41.0000,Top,0
R53,19.1500,-44.4500,Top,0
R54,29.6500,-44.4500,Top,0
R55,135.3500,-14.4000,Top,0
R56,67.5500,-57.4500,Top,0
R57,29.5500,-7.1500,Top,0
R58,34.7500,-7.1500,Top,0
R59,77.7500,-57.4500,Top,0
R60,62.3500,-60.9000,Top,0
R61,130.8500,-27.7000,Top,0
R62,35.3500,-22.7500,Top,0
R63,40.5500,-22.7500,Top,0
R64,71.7500,-27.7000,Top,0
R65,51.0500,-22.7500,Top,0
R66,51.0500,-27.7000,Top,0
R67,152.2500,-22.7500,Top,0
R68,147.0500,-22.7500,Top,0
R69,124.1500,-62.4000,Top,0
R70,88.2500,-60.9000,Top,0
R71,131.1500,-45.7000,Top,0
R72,35.3500,-27.7000,Top,0
R73,40.5500,-27.7000,Top,0
R74,145.6500,-57.4500,Top,0
R75,66.2500,-38.2500,Top,90
R76,94.9500,-38.2500,Top,90
R77,123.6500,-38.2500,Top,90
R78,83.0500,-60.9000,Top,0
R79,36.1500,-62.4000,Top,0
R80,61.2500,-27.7000,Top,0
R81,25.6500,-62.4000,Top,0
R82,70.5500,-7.1500,Top,0
R83,75.7500,-7.1500,Top,0
R84,80.9500,-7.1500,Top,0
R85,86.1500,-7.1500,Top,0
R86,91.3500,-7.1500,Top,0
RV1,144.4000,-39.9000,Top,0
RV2,136.9000,-30.0500,Top,0
U1,11.9000,-9.0500,Top,0
U2,11.9000,-24.6500,Top,0
U3,11.9000,-39.4500,Top,0
U4,125.5000,-9.0500,Top,0
U5,106.3000,-9.9000,Top,0
U6,47.7000,-42.2000,Top,0
U7,76.4000,-42.2000,Top,0
U8,105.1000,-42.2000,Top,0
U9,63.3000,-9.0500,Top,0
